ORF9a|9a|nuc|nucleocapsid|ncap|SARS-CoV N|N protein|SARS-CoV Nuc|NCAP_CVHSA	binding	P59596
nsp13|sars1ab|orf1ab|SARS-CoV nsp13ab|SARS-CoV nsp13|SARS-CoV sars1ab|orf1ab-nsp13|orf1ab-nsp13ab|pp1ab|R1AB_CVHSA	binding	Q8N488
nsp1|sars1ab|orf1ab|SARS-CoV nsp1ab|SARS-CoV nsp1|SARS-CoV sars1ab|orf1ab-nsp1|orf1ab-nsp1ab|pp1ab|R1AB_CVHSA	binding	P62937
nsp8|sars1ab|orf1ab|SARS-CoV nsp8ab|SARS-CoV nsp8|SARS-CoV sars1ab|orf1ab-nsp8|orf1ab-nsp8ab|pp1ab|R1AB_CVHSA	binding	P69849
nsp1|sars1ab|orf1ab|SARS-CoV nsp1ab|SARS-CoV nsp1|SARS-CoV sars1ab|orf1ab-nsp1|orf1ab-nsp1ab|pp1ab|R1AB_CVHSA	binding	P62942
nsp1|sars1ab|orf1ab|SARS-CoV nsp1ab|SARS-CoV nsp1|SARS-CoV sars1ab|orf1ab-nsp1|orf1ab-nsp1ab|pp1ab|R1AB_CVHSA	binding	Q13427
9b|ns9b|SARS-CoV sars9b|ORF9b|SARS-CoV ORF9b|ORF9B_CVHSA	binding	P27448
nsp1|sars1ab|orf1ab|SARS-CoV nsp1ab|SARS-CoV nsp1|SARS-CoV sars1ab|orf1ab-nsp1|orf1ab-nsp1ab|pp1ab|R1AB_CVHSA	binding	O43447
nsp1|sars1ab|orf1ab|SARS-CoV nsp1ab|SARS-CoV nsp1|SARS-CoV sars1ab|orf1ab-nsp1|orf1ab-nsp1ab|pp1ab|R1AB_CVHSA	binding	Q9UKA8
14|ns14|SARS-CoV sars14|ORF14|SARS-CoV ORF14|Y14_CVHSA	binding	O14964
8a|ns8a|SARS-CoV sars8a|ORF8a|SARS-CoV ORF8a|NS8A_CVHSA	binding	P46379
nsp7|sars1ab|orf1ab|SARS-CoV nsp7ab|SARS-CoV nsp7|SARS-CoV sars1ab|orf1ab-nsp7|orf1ab-nsp7ab|pp1ab|R1AB_CVHSA	binding	O95865
7b|ns7b|SARS-CoV sars7b|ORF7b|SARS-CoV ORF7b|NS7B_CVHSA	binding	P49069
nsp12|sars1ab|orf1ab|SARS-CoV nsp12ab|SARS-CoV nsp12|SARS-CoV sars1ab|orf1ab-nsp12|orf1ab-nsp12ab|pp1ab|R1AB_CVHSA	binding	Q9UQN3
nsp12|sars1ab|orf1ab|SARS-CoV nsp12ab|SARS-CoV nsp12|SARS-CoV sars1ab|orf1ab-nsp12|orf1ab-nsp12ab|pp1ab|R1AB_CVHSA	binding	Q8NEQ5
nsp3|sars1ab|orf1ab|SARS-CoV nsp3ab|SARS-CoV nsp3|SARS-CoV sars1ab|orf1ab-nsp3|orf1ab-nsp3ab|pp1ab|R1AB_CVHSA	binding	Q9H000
nsp12|sars1ab|orf1ab|SARS-CoV nsp12ab|SARS-CoV nsp12|SARS-CoV sars1ab|orf1ab-nsp12|orf1ab-nsp12ab|pp1ab|R1AB_CVHSA	binding	Q15661|P20231
nsp14|sars1ab|orf1ab|SARS-CoV nsp14ab|SARS-CoV nsp14|SARS-CoV sars1ab|orf1ab-nsp14|orf1ab-nsp14ab|pp1ab|R1AB_CVHSA	binding	P05155
nsp3|sars1ab|orf1ab|SARS-CoV nsp3ab|SARS-CoV nsp3|SARS-CoV sars1ab|orf1ab-nsp3|orf1ab-nsp3ab|pp1ab|R1AB_CVHSA	binding	Q13064
nsp9|sars1ab|orf1ab|SARS-CoV nsp9ab|SARS-CoV nsp9|SARS-CoV sars1ab|orf1ab-nsp9|orf1ab-nsp9ab|pp1ab|R1AB_CVHSA	binding	Q9UQN3
9b|ns9b|SARS-CoV sars9b|ORF9b|SARS-CoV ORF9b|ORF9B_CVHSA	binding	P25787
nsp9|sars1ab|orf1ab|SARS-CoV nsp9ab|SARS-CoV nsp9|SARS-CoV sars1ab|orf1ab-nsp9|orf1ab-nsp9ab|pp1ab|R1AB_CVHSA	binding	Q9BUV0
nsp3|sars1ab|orf1ab|SARS-CoV nsp3ab|SARS-CoV nsp3|SARS-CoV sars1ab|orf1ab-nsp3|orf1ab-nsp3ab|pp1ab|R1AB_CVHSA	binding	Q86VK4
nsp12|sars1ab|orf1ab|SARS-CoV nsp12ab|SARS-CoV nsp12|SARS-CoV sars1ab|orf1ab-nsp12|orf1ab-nsp12ab|pp1ab|R1AB_CVHSA	binding	P30876
nsp2|sars1ab|orf1ab|SARS-CoV nsp2ab|SARS-CoV nsp2|SARS-CoV sars1ab|orf1ab-nsp2|orf1ab-nsp2ab|pp1ab|R1AB_CVHSA	binding	Q8WXF8
nsp14|sars1ab|orf1ab|SARS-CoV nsp14ab|SARS-CoV nsp14|SARS-CoV sars1ab|orf1ab-nsp14|orf1ab-nsp14ab|pp1ab|R1AB_CVHSA	binding	Q13561
nsp9|sars1ab|orf1ab|SARS-CoV nsp9ab|SARS-CoV nsp9|SARS-CoV sars1ab|orf1ab-nsp9|orf1ab-nsp9ab|pp1ab|R1AB_CVHSA	binding	Q7Z494
nsp12|sars1ab|orf1ab|SARS-CoV nsp12ab|SARS-CoV nsp12|SARS-CoV sars1ab|orf1ab-nsp12|orf1ab-nsp12ab|pp1ab|R1AB_CVHSA	binding	P20231
3b|ns3b|X2|SARS-CoV sars3b|ORF3b|SARS-CoV ORF3b|X2|NS3B_CVHSA	binding	Q13561
nsp7|sars1ab|orf1ab|SARS-CoV nsp7ab|SARS-CoV nsp7|SARS-CoV sars1ab|orf1ab-nsp7|orf1ab-nsp7ab|pp1ab|R1AB_CVHSA	binding	Q8TEB7
nsp7|sars1ab|orf1ab|SARS-CoV nsp7ab|SARS-CoV nsp7|SARS-CoV sars1ab|orf1ab-nsp7|orf1ab-nsp7ab|pp1ab|R1AB_CVHSA	binding	Q92560
14|ns14|SARS-CoV sars14|ORF14|SARS-CoV ORF14|Y14_CVHSA	binding	P05155
nsp7|sars1ab|orf1ab|SARS-CoV nsp7ab|SARS-CoV nsp7|SARS-CoV sars1ab|orf1ab-nsp7|orf1ab-nsp7ab|pp1ab|R1AB_CVHSA	binding	P49703
nsp12|sars1ab|orf1ab|SARS-CoV nsp12ab|SARS-CoV nsp12|SARS-CoV sars1ab|orf1ab-nsp12|orf1ab-nsp12ab|pp1ab|R1AB_CVHSA	binding	Q8TD31
nsp9|sars1ab|orf1ab|SARS-CoV nsp9ab|SARS-CoV nsp9|SARS-CoV sars1ab|orf1ab-nsp9|orf1ab-nsp9ab|pp1ab|R1AB_CVHSA	binding	Q6P587
nsp8|sars1ab|orf1ab|SARS-CoV nsp8ab|SARS-CoV nsp8|SARS-CoV sars1ab|orf1ab-nsp8|orf1ab-nsp8ab|pp1ab|R1AB_CVHSA	binding	Q9Y6E2
nsp7|sars1ab|orf1ab|SARS-CoV nsp7ab|SARS-CoV nsp7|SARS-CoV sars1ab|orf1ab-nsp7|orf1ab-nsp7ab|pp1ab|R1AB_CVHSA	binding	Q9HCD5
3b|ns3b|X2|SARS-CoV sars3b|ORF3b|SARS-CoV ORF3b|X2|NS3B_CVHSA	binding	P05155
3b|ns3b|X2|SARS-CoV sars3b|ORF3b|SARS-CoV ORF3b|X2|NS3B_CVHSA	binding	P02768
nsp7|sars1ab|orf1ab|SARS-CoV nsp7ab|SARS-CoV nsp7|SARS-CoV sars1ab|orf1ab-nsp7|orf1ab-nsp7ab|pp1ab|R1AB_CVHSA	binding	P62258
7b|ns7b|SARS-CoV sars7b|ORF7b|SARS-CoV ORF7b|NS7B_CVHSA	binding	P05155
nsp13|sars1ab|orf1ab|SARS-CoV nsp13ab|SARS-CoV nsp13|SARS-CoV sars1ab|orf1ab-nsp13|orf1ab-nsp13ab|pp1ab|R1AB_CVHSA	binding	P27448
nsp9|sars1ab|orf1ab|SARS-CoV nsp9ab|SARS-CoV nsp9|SARS-CoV sars1ab|orf1ab-nsp9|orf1ab-nsp9ab|pp1ab|R1AB_CVHSA	binding	P06733
nsp13|sars1ab|orf1ab|SARS-CoV nsp13ab|SARS-CoV nsp13|SARS-CoV sars1ab|orf1ab-nsp13|orf1ab-nsp13ab|pp1ab|R1AB_CVHSA	binding	Q7KZI7
nsp3|sars1ab|orf1ab|SARS-CoV nsp3ab|SARS-CoV nsp3|SARS-CoV sars1ab|orf1ab-nsp3|orf1ab-nsp3ab|pp1ab|R1AB_CVHSA	binding	Q96GS6
nsp12|sars1ab|orf1ab|SARS-CoV nsp12ab|SARS-CoV nsp12|SARS-CoV sars1ab|orf1ab-nsp12|orf1ab-nsp12ab|pp1ab|R1AB_CVHSA	binding	Q99471
6|ns6|X3|SARS-CoV sars6|ORF6|SARS-CoV ORF6|X3|NS6_CVHSA	binding	Q13561
nsp7|sars1ab|orf1ab|SARS-CoV nsp7ab|SARS-CoV nsp7|SARS-CoV sars1ab|orf1ab-nsp7|orf1ab-nsp7ab|pp1ab|R1AB_CVHSA	binding	A9UHW6
nsp12|sars1ab|orf1ab|SARS-CoV nsp12ab|SARS-CoV nsp12|SARS-CoV sars1ab|orf1ab-nsp12|orf1ab-nsp12ab|pp1ab|R1AB_CVHSA	binding	O95299
nsp9|sars1ab|orf1ab|SARS-CoV nsp9ab|SARS-CoV nsp9|SARS-CoV sars1ab|orf1ab-nsp9|orf1ab-nsp9ab|pp1ab|R1AB_CVHSA	binding	Q8NEQ5
nsp2|sars1ab|orf1ab|SARS-CoV nsp2ab|SARS-CoV nsp2|SARS-CoV sars1ab|orf1ab-nsp2|orf1ab-nsp2ab|pp1ab|R1AB_CVHSA	binding	P05155
7a|ns7a|U122|X4|SARS-CoV sars7a|ORF7a|SARS-CoV ORF7a|U122|X4|NS7A_CVHSA	binding	Q9BQB6
nsp1|sars1ab|orf1ab|SARS-CoV nsp1ab|SARS-CoV nsp1|SARS-CoV sars1ab|orf1ab-nsp1|orf1ab-nsp1ab|pp1ab|R1AB_CVHSA	binding	Q9Y4W2
14|ns14|SARS-CoV sars14|ORF14|SARS-CoV ORF14|Y14_CVHSA	binding	Q13561
nsp5|sars1ab|orf1ab|SARS-CoV nsp5ab|SARS-CoV nsp5|SARS-CoV sars1ab|orf1ab-nsp5|orf1ab-nsp5ab|pp1ab|R1AB_CVHSA	binding	P62942
nsp8|sars1ab|orf1ab|SARS-CoV nsp8ab|SARS-CoV nsp8|SARS-CoV sars1ab|orf1ab-nsp8|orf1ab-nsp8ab|pp1ab|R1AB_CVHSA	binding	Q9P0M6
9b|ns9b|SARS-CoV sars9b|ORF9b|SARS-CoV ORF9b|ORF9B_CVHSA	binding	P60866
nsp13|sars1ab|orf1ab|SARS-CoV nsp13ab|SARS-CoV nsp13|SARS-CoV sars1ab|orf1ab-nsp13|orf1ab-nsp13ab|pp1ab|R1AB_CVHSA	binding	O96017
nsp8|sars1ab|orf1ab|SARS-CoV nsp8ab|SARS-CoV nsp8|SARS-CoV sars1ab|orf1ab-nsp8|orf1ab-nsp8ab|pp1ab|R1AB_CVHSA	binding	P54274
nsp6|sars1ab|orf1ab|SARS-CoV nsp6ab|SARS-CoV nsp6|SARS-CoV sars1ab|orf1ab-nsp6|orf1ab-nsp6ab|pp1ab|R1AB_CVHSA	binding	O14498
nsp12|sars1ab|orf1ab|SARS-CoV nsp12ab|SARS-CoV nsp12|SARS-CoV sars1ab|orf1ab-nsp12|orf1ab-nsp12ab|pp1ab|R1AB_CVHSA	binding	Q99426
nsp4|sars1ab|orf1ab|SARS-CoV nsp4ab|SARS-CoV nsp4|SARS-CoV sars1ab|orf1ab-nsp4|orf1ab-nsp4ab|pp1ab|R1AB_CVHSA	binding	P08949
nsp4|sars1ab|orf1ab|SARS-CoV nsp4ab|SARS-CoV nsp4|SARS-CoV sars1ab|orf1ab-nsp4|orf1ab-nsp4ab|pp1ab|R1AB_CVHSA	binding	Q9Y4W2
3a|ns3a|U274X1|SARS-CoV sars3a|ORF3a|SARS-CoV ORF3a|X1|AP3A_CVHSA	binding	Q13561
nsp12|sars1ab|orf1ab|SARS-CoV nsp12ab|SARS-CoV nsp12|SARS-CoV sars1ab|orf1ab-nsp12|orf1ab-nsp12ab|pp1ab|R1AB_CVHSA	binding	P51948
nsp7|sars1ab|orf1ab|SARS-CoV nsp7ab|SARS-CoV nsp7|SARS-CoV sars1ab|orf1ab-nsp7|orf1ab-nsp7ab|pp1ab|R1AB_CVHSA	binding	Q13564
nsp12|sars1ab|orf1ab|SARS-CoV nsp12ab|SARS-CoV nsp12|SARS-CoV sars1ab|orf1ab-nsp12|orf1ab-nsp12ab|pp1ab|R1AB_CVHSA	binding	P09630
3a|ns3a|U274X1|SARS-CoV sars3a|ORF3a|SARS-CoV ORF3a|X1|AP3A_CVHSA	binding	P62258
nsp8|sars1ab|orf1ab|SARS-CoV nsp8ab|SARS-CoV nsp8|SARS-CoV sars1ab|orf1ab-nsp8|orf1ab-nsp8ab|pp1ab|R1AB_CVHSA	binding	P05155
nsp13|sars1ab|orf1ab|SARS-CoV nsp13ab|SARS-CoV nsp13|SARS-CoV sars1ab|orf1ab-nsp13|orf1ab-nsp13ab|pp1ab|R1AB_CVHSA	binding	P05155
nsp7|sars1ab|orf1ab|SARS-CoV nsp7ab|SARS-CoV nsp7|SARS-CoV sars1ab|orf1ab-nsp7|orf1ab-nsp7ab|pp1ab|R1AB_CVHSA	binding	Q53GL0
nsp13|sars1ab|orf1ab|SARS-CoV nsp13ab|SARS-CoV nsp13|SARS-CoV sars1ab|orf1ab-nsp13|orf1ab-nsp13ab|pp1ab|R1AB_CVHSA	binding	P62937
nsp5|sars1ab|orf1ab|SARS-CoV nsp5ab|SARS-CoV nsp5|SARS-CoV sars1ab|orf1ab-nsp5|orf1ab-nsp5ab|pp1ab|R1AB_CVHSA	binding	Q92802
nsp5|sars1ab|orf1ab|SARS-CoV nsp5ab|SARS-CoV nsp5|SARS-CoV sars1ab|orf1ab-nsp5|orf1ab-nsp5ab|pp1ab|R1AB_CVHSA	binding	P23025
nsp8|sars1ab|orf1ab|SARS-CoV nsp8ab|SARS-CoV nsp8|SARS-CoV sars1ab|orf1ab-nsp8|orf1ab-nsp8ab|pp1ab|R1AB_CVHSA	binding	P23588
nsp5|sars1ab|orf1ab|SARS-CoV nsp5ab|SARS-CoV nsp5|SARS-CoV sars1ab|orf1ab-nsp5|orf1ab-nsp5ab|pp1ab|R1AB_CVHSA	binding	Q9GZN8
nsp7|sars1ab|orf1ab|SARS-CoV nsp7ab|SARS-CoV nsp7|SARS-CoV sars1ab|orf1ab-nsp7|orf1ab-nsp7ab|pp1ab|R1AB_CVHSA	binding	P13796
7a|ns7a|U122|X4|SARS-CoV sars7a|ORF7a|SARS-CoV ORF7a|U122|X4|NS7A_CVHSA	binding	Q9H4F8
3a|ns3a|U274X1|SARS-CoV sars3a|ORF3a|SARS-CoV ORF3a|X1|AP3A_CVHSA	binding	Q99471
9b|ns9b|SARS-CoV sars9b|ORF9b|SARS-CoV ORF9b|ORF9B_CVHSA	binding	P0CW22|P08708
nsp2|sars1ab|orf1ab|SARS-CoV nsp2ab|SARS-CoV nsp2|SARS-CoV sars1ab|orf1ab-nsp2|orf1ab-nsp2ab|pp1ab|R1AB_CVHSA	binding	Q7Z494
6|ns6|X3|SARS-CoV sars6|ORF6|SARS-CoV ORF6|X3|NS6_CVHSA	binding	Q92994
14|ns14|SARS-CoV sars14|ORF14|SARS-CoV ORF14|Y14_CVHSA	binding	Q9NRH1
nsp13|sars1ab|orf1ab|SARS-CoV nsp13ab|SARS-CoV nsp13|SARS-CoV sars1ab|orf1ab-nsp13|orf1ab-nsp13ab|pp1ab|R1AB_CVHSA	binding	Q56VL3
nsp2|sars1ab|orf1ab|SARS-CoV nsp2ab|SARS-CoV nsp2|SARS-CoV sars1ab|orf1ab-nsp2|orf1ab-nsp2ab|pp1ab|R1AB_CVHSA	binding	Q7Z3Q1
nsp13|sars1ab|orf1ab|SARS-CoV nsp13ab|SARS-CoV nsp13|SARS-CoV sars1ab|orf1ab-nsp13|orf1ab-nsp13ab|pp1ab|R1AB_CVHSA	binding	Q92802
nsp1|sars1ab|orf1ab|SARS-CoV nsp1ab|SARS-CoV nsp1|SARS-CoV sars1ab|orf1ab-nsp1|orf1ab-nsp1ab|pp1ab|R1AB_CVHSA	binding	P23284
ORF4|sM|4|protein E|protein sM|small envelope protein|env|envelope|SARS-CoV E|SARS-CoV Env|VEMP_CVHSA	binding	O00560
ORF4|sM|4|protein E|protein sM|small envelope protein|env|envelope|SARS-CoV E|SARS-CoV Env|VEMP_CVHSA	binding	O00560
nsp3|sars1ab|orf1ab|SARS-CoV nsp3ab|SARS-CoV nsp3|SARS-CoV sars1ab|orf1ab-nsp3|orf1ab-nsp3ab|pp1ab|R1AB_CVHSA	binding	Q96PM5
nsp3|sars1ab|orf1ab|SARS-CoV nsp3ab|SARS-CoV nsp3|SARS-CoV sars1ab|orf1ab-nsp3|orf1ab-nsp3ab|pp1ab|R1AB_CVHSA	binding	Q13557
nsp3|sars1ab|orf1ab|SARS-CoV nsp3ab|SARS-CoV nsp3|SARS-CoV sars1ab|orf1ab-nsp3|orf1ab-nsp3ab|pp1ab|R1AB_CVHSA	binding	Q96PM5
nsp3|sars1ab|orf1ab|SARS-CoV nsp3ab|SARS-CoV nsp3|SARS-CoV sars1ab|orf1ab-nsp3|orf1ab-nsp3ab|pp1ab|R1AB_CVHSA	binding	Q96PM5
nsp3|sars1ab|orf1ab|SARS-CoV nsp3ab|SARS-CoV nsp3|SARS-CoV sars1ab|orf1ab-nsp3|orf1ab-nsp3ab|pp1ab|R1AB_CVHSA	binding	Q13557
ORF1ab|nsp3|rep|1AB|MERS-CoV nsp3|orf1ab-nsp3|orf1ab-nsp3ab|nsp3ab|R1AB_CVEMC	binding	Q96PM5
3a|ns3a|U274X1|SARS-CoV sars3a|ORF3a|SARS-CoV ORF3a|X1|AP3A_CVHSA	binding	P59632
3b|ns3b|X2|SARS-CoV sars3b|ORF3b|SARS-CoV ORF3b|X2|NS3B_CVHSA	binding	Q01196
3b|ns3b|X2|SARS-CoV sars3b|ORF3b|SARS-CoV ORF3b|X2|NS3B_CVHSA	binding	Q01196
ORF9a|9a|nuc|nucleocapsid|ncap|SARS-CoV N|N protein|SARS-CoV Nuc|NCAP_CVHSA	binding	P11802
ORF9a|9a|nuc|nucleocapsid|ncap|SARS-CoV N|N protein|SARS-CoV Nuc|NCAP_CVHSA	binding	P24385
ORF9a|9a|nuc|nucleocapsid|ncap|SARS-CoV N|N protein|SARS-CoV Nuc|NCAP_CVHSA	binding	P24941
ORF9a|9a|nuc|nucleocapsid|ncap|SARS-CoV N|N protein|SARS-CoV Nuc|NCAP_CVHSA	binding	P20248
ORF9a|9a|nuc|nucleocapsid|ncap|SARS-CoV N|N protein|SARS-CoV Nuc|NCAP_CVHSA	binding	P06748
8b|ns8b|SARS-CoV sars8b|ORF8b|SARS-CoV ORF8b|NS8B_CVHSA	binding	Q96P20
8b|ns8b|SARS-CoV sars8b|ORF8b|SARS-CoV ORF8b|NS8B_CVHSA	binding	Q80H93
ORF5|5|matrix protein|mem|M protein|SARS-CoV M|SARS-CoV Mem|matrix|membrane|VME1_CVHSA	binding	O14920
6|ns6|X3|SARS-CoV sars6|ORF6|SARS-CoV ORF6|X3|NS6_CVHSA	binding	P0C6X7
nsp8|sars1ab|orf1ab|SARS-CoV nsp8ab|SARS-CoV nsp8|SARS-CoV sars1ab|orf1ab-nsp8|orf1ab-nsp8ab|pp1ab|R1AB_CVHSA	binding	P59634
6|ns6|X3|SARS-CoV sars6|ORF6|SARS-CoV ORF6|X3|NS6_CVHSA	binding	P0C6X7
nsp2|sars1ab|orf1ab|SARS-CoV nsp2ab|SARS-CoV nsp2|SARS-CoV sars1ab|orf1ab-nsp2|orf1ab-nsp2ab|pp1ab|R1AB_CVHSA	binding	P0C6X7
nsp2|sars1ab|orf1ab|SARS-CoV nsp2ab|SARS-CoV nsp2|SARS-CoV sars1ab|orf1ab-nsp2|orf1ab-nsp2ab|pp1ab|R1AB_CVHSA	binding	P0C6X7
nsp2|sars1ab|orf1ab|SARS-CoV nsp2ab|SARS-CoV nsp2|SARS-CoV sars1ab|orf1ab-nsp2|orf1ab-nsp2ab|pp1ab|R1AB_CVHSA	binding	P0C6U8
nsp2|sars1ab|orf1ab|SARS-CoV nsp2ab|SARS-CoV nsp2|SARS-CoV sars1ab|orf1ab-nsp2|orf1ab-nsp2ab|pp1ab|R1AB_CVHSA	binding	P0C6X7
nsp2|sars1ab|orf1ab|SARS-CoV nsp2ab|SARS-CoV nsp2|SARS-CoV sars1ab|orf1ab-nsp2|orf1ab-nsp2ab|pp1ab|R1AB_CVHSA	binding	P59632
nsp3|sars1ab|orf1ab|SARS-CoV nsp3ab|SARS-CoV nsp3|SARS-CoV sars1ab|orf1ab-nsp3|orf1ab-nsp3ab|pp1ab|R1AB_CVHSA	binding	P0C6X7
nsp3|sars1ab|orf1ab|SARS-CoV nsp3ab|SARS-CoV nsp3|SARS-CoV sars1ab|orf1ab-nsp3|orf1ab-nsp3ab|pp1ab|R1AB_CVHSA	binding	P59632
nsp5|sars1ab|orf1ab|SARS-CoV nsp5ab|SARS-CoV nsp5|SARS-CoV sars1ab|orf1ab-nsp5|orf1ab-nsp5ab|pp1ab|R1AB_CVHSA	binding	P59636
nsp7|sars1ab|orf1ab|SARS-CoV nsp7ab|SARS-CoV nsp7|SARS-CoV sars1ab|orf1ab-nsp7|orf1ab-nsp7ab|pp1ab|R1AB_CVHSA	binding	P0C6X7
nsp9|sars1ab|orf1ab|SARS-CoV nsp9ab|SARS-CoV nsp9|SARS-CoV sars1ab|orf1ab-nsp9|orf1ab-nsp9ab|pp1ab|R1AB_CVHSA	binding	P0C6X7
nsp12|sars1ab|orf1ab|SARS-CoV nsp12ab|SARS-CoV nsp12|SARS-CoV sars1ab|orf1ab-nsp12|orf1ab-nsp12ab|pp1ab|R1AB_CVHSA	binding	P0C6X7
nsp13|sars1ab|orf1ab|SARS-CoV nsp13ab|SARS-CoV nsp13|SARS-CoV sars1ab|orf1ab-nsp13|orf1ab-nsp13ab|pp1ab|R1AB_CVHSA	binding	P0C6X7
nsp14|sars1ab|orf1ab|SARS-CoV nsp14ab|SARS-CoV nsp14|SARS-CoV sars1ab|orf1ab-nsp14|orf1ab-nsp14ab|pp1ab|R1AB_CVHSA	binding	P0C6X7
ORF4|sM|4|protein E|protein sM|small envelope protein|env|envelope|SARS-CoV E|SARS-CoV Env|VEMP_CVHSA	binding	P0C6X7
ORF4|sM|4|protein E|protein sM|small envelope protein|env|envelope|SARS-CoV E|SARS-CoV Env|VEMP_CVHSA	binding	P0C6X7
ORF4|sM|4|protein E|protein sM|small envelope protein|env|envelope|SARS-CoV E|SARS-CoV Env|VEMP_CVHSA	binding	P59637
ORF4|sM|4|protein E|protein sM|small envelope protein|env|envelope|SARS-CoV E|SARS-CoV Env|VEMP_CVHSA	binding	Q7TFA1
6|ns6|X3|SARS-CoV sars6|ORF6|SARS-CoV ORF6|X3|NS6_CVHSA	binding	Q7TFA1
9b|ns9b|SARS-CoV sars9b|ORF9b|SARS-CoV ORF9b|ORF9B_CVHSA	binding	P0C6X7
9b|ns9b|SARS-CoV sars9b|ORF9b|SARS-CoV ORF9b|ORF9B_CVHSA	binding	P59636
14|ns14|SARS-CoV sars14|ORF14|SARS-CoV ORF14|Y14_CVHSA	binding	P59636
14|ns14|SARS-CoV sars14|ORF14|SARS-CoV ORF14|Y14_CVHSA	binding	Q7TLC7
nsp1|sars1ab|orf1ab|SARS-CoV nsp1ab|SARS-CoV nsp1|SARS-CoV sars1ab|orf1ab-nsp1|orf1ab-nsp1ab|pp1ab|R1AB_CVHSA	binding	P59632
nsp2|sars1ab|orf1ab|SARS-CoV nsp2ab|SARS-CoV nsp2|SARS-CoV sars1ab|orf1ab-nsp2|orf1ab-nsp2ab|pp1ab|R1AB_CVHSA	binding	P0C6X7
nsp3|sars1ab|orf1ab|SARS-CoV nsp3ab|SARS-CoV nsp3|SARS-CoV sars1ab|orf1ab-nsp3|orf1ab-nsp3ab|pp1ab|R1AB_CVHSA	binding	P59636
nsp5|sars1ab|orf1ab|SARS-CoV nsp5ab|SARS-CoV nsp5|SARS-CoV sars1ab|orf1ab-nsp5|orf1ab-nsp5ab|pp1ab|R1AB_CVHSA	binding	P0C6X7
nsp5|sars1ab|orf1ab|SARS-CoV nsp5ab|SARS-CoV nsp5|SARS-CoV sars1ab|orf1ab-nsp5|orf1ab-nsp5ab|pp1ab|R1AB_CVHSA	binding	P0C6X7
9b|ns9b|SARS-CoV sars9b|ORF9b|SARS-CoV ORF9b|ORF9B_CVHSA	binding	P0C6X7
nsp6|sars1ab|orf1ab|SARS-CoV nsp6ab|SARS-CoV nsp6|SARS-CoV sars1ab|orf1ab-nsp6|orf1ab-nsp6ab|pp1ab|R1AB_CVHSA	binding	P0C6X7
nsp7|sars1ab|orf1ab|SARS-CoV nsp7ab|SARS-CoV nsp7|SARS-CoV sars1ab|orf1ab-nsp7|orf1ab-nsp7ab|pp1ab|R1AB_CVHSA	binding	P0C6X7
nsp7|sars1ab|orf1ab|SARS-CoV nsp7ab|SARS-CoV nsp7|SARS-CoV sars1ab|orf1ab-nsp7|orf1ab-nsp7ab|pp1ab|R1AB_CVHSA	binding	P59636
nsp8|sars1ab|orf1ab|SARS-CoV nsp8ab|SARS-CoV nsp8|SARS-CoV sars1ab|orf1ab-nsp8|orf1ab-nsp8ab|pp1ab|R1AB_CVHSA	binding	P0C6X7
nsp8|sars1ab|orf1ab|SARS-CoV nsp8ab|SARS-CoV nsp8|SARS-CoV sars1ab|orf1ab-nsp8|orf1ab-nsp8ab|pp1ab|R1AB_CVHSA	binding	P59636
nsp9|sars1ab|orf1ab|SARS-CoV nsp9ab|SARS-CoV nsp9|SARS-CoV sars1ab|orf1ab-nsp9|orf1ab-nsp9ab|pp1ab|R1AB_CVHSA	binding	P0C6X7
nsp9|sars1ab|orf1ab|SARS-CoV nsp9ab|SARS-CoV nsp9|SARS-CoV sars1ab|orf1ab-nsp9|orf1ab-nsp9ab|pp1ab|R1AB_CVHSA	binding	P0C6X7
nsp10|sars1ab|orf1ab|SARS-CoV nsp10ab|SARS-CoV nsp10|SARS-CoV sars1ab|orf1ab-nsp10|orf1ab-nsp10ab|pp1ab|R1AB_CVHSA	binding	P59632
nsp10|sars1ab|orf1ab|SARS-CoV nsp10ab|SARS-CoV nsp10|SARS-CoV sars1ab|orf1ab-nsp10|orf1ab-nsp10ab|pp1ab|R1AB_CVHSA	binding	P59636
nsp12|sars1ab|orf1ab|SARS-CoV nsp12ab|SARS-CoV nsp12|SARS-CoV sars1ab|orf1ab-nsp12|orf1ab-nsp12ab|pp1ab|R1AB_CVHSA	binding	P0C6X7
nsp12|sars1ab|orf1ab|SARS-CoV nsp12ab|SARS-CoV nsp12|SARS-CoV sars1ab|orf1ab-nsp12|orf1ab-nsp12ab|pp1ab|R1AB_CVHSA	binding	P59632
nsp12|sars1ab|orf1ab|SARS-CoV nsp12ab|SARS-CoV nsp12|SARS-CoV sars1ab|orf1ab-nsp12|orf1ab-nsp12ab|pp1ab|R1AB_CVHSA	binding	P59636
nsp13|sars1ab|orf1ab|SARS-CoV nsp13ab|SARS-CoV nsp13|SARS-CoV sars1ab|orf1ab-nsp13|orf1ab-nsp13ab|pp1ab|R1AB_CVHSA	binding	P0C6X7
nsp13|sars1ab|orf1ab|SARS-CoV nsp13ab|SARS-CoV nsp13|SARS-CoV sars1ab|orf1ab-nsp13|orf1ab-nsp13ab|pp1ab|R1AB_CVHSA	binding	P0C6X7
nsp13|sars1ab|orf1ab|SARS-CoV nsp13ab|SARS-CoV nsp13|SARS-CoV sars1ab|orf1ab-nsp13|orf1ab-nsp13ab|pp1ab|R1AB_CVHSA	binding	P0C6X7
nsp13|sars1ab|orf1ab|SARS-CoV nsp13ab|SARS-CoV nsp13|SARS-CoV sars1ab|orf1ab-nsp13|orf1ab-nsp13ab|pp1ab|R1AB_CVHSA	binding	P59636
nsp14|sars1ab|orf1ab|SARS-CoV nsp14ab|SARS-CoV nsp14|SARS-CoV sars1ab|orf1ab-nsp14|orf1ab-nsp14ab|pp1ab|R1AB_CVHSA	binding	P59636
nsp15|sars1ab|orf1ab|SARS-CoV nsp15ab|SARS-CoV nsp15|SARS-CoV sars1ab|orf1ab-nsp15|orf1ab-nsp15ab|pp1ab|R1AB_CVHSA	binding	P59636
ORF4|sM|4|protein E|protein sM|small envelope protein|env|envelope|SARS-CoV E|SARS-CoV Env|VEMP_CVHSA	binding	P0C6U8
ORF4|sM|4|protein E|protein sM|small envelope protein|env|envelope|SARS-CoV E|SARS-CoV Env|VEMP_CVHSA	binding	P59633
ORF4|sM|4|protein E|protein sM|small envelope protein|env|envelope|SARS-CoV E|SARS-CoV Env|VEMP_CVHSA	binding	P59636
3a|ns3a|U274X1|SARS-CoV sars3a|ORF3a|SARS-CoV ORF3a|X1|AP3A_CVHSA	binding	P59596
6|ns6|X3|SARS-CoV sars6|ORF6|SARS-CoV ORF6|X3|NS6_CVHSA	binding	P0C6X7
7a|ns7a|U122|X4|SARS-CoV sars7a|ORF7a|SARS-CoV ORF7a|U122|X4|NS7A_CVHSA	binding	P0C6X7
7a|ns7a|U122|X4|SARS-CoV sars7a|ORF7a|SARS-CoV ORF7a|U122|X4|NS7A_CVHSA	binding	P59594
8a|ns8a|SARS-CoV sars8a|ORF8a|SARS-CoV ORF8a|NS8A_CVHSA	binding	P0C6X7
8a|ns8a|SARS-CoV sars8a|ORF8a|SARS-CoV ORF8a|NS8A_CVHSA	binding	P0C6X7
8a|ns8a|SARS-CoV sars8a|ORF8a|SARS-CoV ORF8a|NS8A_CVHSA	binding	Q80H93
8a|ns8a|SARS-CoV sars8a|ORF8a|SARS-CoV ORF8a|NS8A_CVHSA	binding	P59636
8b|ns8b|SARS-CoV sars8b|ORF8b|SARS-CoV ORF8b|NS8B_CVHSA	binding	P0C6X7
8b|ns8b|SARS-CoV sars8b|ORF8b|SARS-CoV ORF8b|NS8B_CVHSA	binding	P0C6X7
8b|ns8b|SARS-CoV sars8b|ORF8b|SARS-CoV ORF8b|NS8B_CVHSA	binding	P59594
8b|ns8b|SARS-CoV sars8b|ORF8b|SARS-CoV ORF8b|NS8B_CVHSA	binding	Q7TFA1
8b|ns8b|SARS-CoV sars8b|ORF8b|SARS-CoV ORF8b|NS8B_CVHSA	binding	Q7TFA0
8b|ns8b|SARS-CoV sars8b|ORF8b|SARS-CoV ORF8b|NS8B_CVHSA	binding	P59636
8b|ns8b|SARS-CoV sars8b|ORF8b|SARS-CoV ORF8b|NS8B_CVHSA	binding	Q7TLC7
9b|ns9b|SARS-CoV sars9b|ORF9b|SARS-CoV ORF9b|ORF9B_CVHSA	binding	P0C6X7
9b|ns9b|SARS-CoV sars9b|ORF9b|SARS-CoV ORF9b|ORF9B_CVHSA	binding	Q7TFA1
14|ns14|SARS-CoV sars14|ORF14|SARS-CoV ORF14|Y14_CVHSA	binding	P0C6X7
nsp2|sars1ab|orf1ab|SARS-CoV nsp2ab|SARS-CoV nsp2|SARS-CoV sars1ab|orf1ab-nsp2|orf1ab-nsp2ab|pp1ab|R1AB_CVHSA	binding	P0C6X7
nsp2|sars1ab|orf1ab|SARS-CoV nsp2ab|SARS-CoV nsp2|SARS-CoV sars1ab|orf1ab-nsp2|orf1ab-nsp2ab|pp1ab|R1AB_CVHSA	binding	P0C6X7
nsp2|sars1ab|orf1ab|SARS-CoV nsp2ab|SARS-CoV nsp2|SARS-CoV sars1ab|orf1ab-nsp2|orf1ab-nsp2ab|pp1ab|R1AB_CVHSA	binding	P0C6U8
nsp2|sars1ab|orf1ab|SARS-CoV nsp2ab|SARS-CoV nsp2|SARS-CoV sars1ab|orf1ab-nsp2|orf1ab-nsp2ab|pp1ab|R1AB_CVHSA	binding	P0C6X7
nsp2|sars1ab|orf1ab|SARS-CoV nsp2ab|SARS-CoV nsp2|SARS-CoV sars1ab|orf1ab-nsp2|orf1ab-nsp2ab|pp1ab|R1AB_CVHSA	binding	P59632
nsp3|sars1ab|orf1ab|SARS-CoV nsp3ab|SARS-CoV nsp3|SARS-CoV sars1ab|orf1ab-nsp3|orf1ab-nsp3ab|pp1ab|R1AB_CVHSA	binding	P0C6X7
nsp3|sars1ab|orf1ab|SARS-CoV nsp3ab|SARS-CoV nsp3|SARS-CoV sars1ab|orf1ab-nsp3|orf1ab-nsp3ab|pp1ab|R1AB_CVHSA	binding	P59632
nsp5|sars1ab|orf1ab|SARS-CoV nsp5ab|SARS-CoV nsp5|SARS-CoV sars1ab|orf1ab-nsp5|orf1ab-nsp5ab|pp1ab|R1AB_CVHSA	binding	P59636
nsp7|sars1ab|orf1ab|SARS-CoV nsp7ab|SARS-CoV nsp7|SARS-CoV sars1ab|orf1ab-nsp7|orf1ab-nsp7ab|pp1ab|R1AB_CVHSA	binding	P0C6X7
nsp9|sars1ab|orf1ab|SARS-CoV nsp9ab|SARS-CoV nsp9|SARS-CoV sars1ab|orf1ab-nsp9|orf1ab-nsp9ab|pp1ab|R1AB_CVHSA	binding	P0C6X7
nsp12|sars1ab|orf1ab|SARS-CoV nsp12ab|SARS-CoV nsp12|SARS-CoV sars1ab|orf1ab-nsp12|orf1ab-nsp12ab|pp1ab|R1AB_CVHSA	binding	P0C6X7
nsp13|sars1ab|orf1ab|SARS-CoV nsp13ab|SARS-CoV nsp13|SARS-CoV sars1ab|orf1ab-nsp13|orf1ab-nsp13ab|pp1ab|R1AB_CVHSA	binding	P0C6X7
nsp14|sars1ab|orf1ab|SARS-CoV nsp14ab|SARS-CoV nsp14|SARS-CoV sars1ab|orf1ab-nsp14|orf1ab-nsp14ab|pp1ab|R1AB_CVHSA	binding	P0C6X7
ORF4|sM|4|protein E|protein sM|small envelope protein|env|envelope|SARS-CoV E|SARS-CoV Env|VEMP_CVHSA	binding	P0C6X7
ORF4|sM|4|protein E|protein sM|small envelope protein|env|envelope|SARS-CoV E|SARS-CoV Env|VEMP_CVHSA	binding	P0C6X7
ORF4|sM|4|protein E|protein sM|small envelope protein|env|envelope|SARS-CoV E|SARS-CoV Env|VEMP_CVHSA	binding	P59637
ORF4|sM|4|protein E|protein sM|small envelope protein|env|envelope|SARS-CoV E|SARS-CoV Env|VEMP_CVHSA	binding	Q7TFA1
6|ns6|X3|SARS-CoV sars6|ORF6|SARS-CoV ORF6|X3|NS6_CVHSA	binding	Q7TFA1
9b|ns9b|SARS-CoV sars9b|ORF9b|SARS-CoV ORF9b|ORF9B_CVHSA	binding	P0C6X7
9b|ns9b|SARS-CoV sars9b|ORF9b|SARS-CoV ORF9b|ORF9B_CVHSA	binding	P59636
14|ns14|SARS-CoV sars14|ORF14|SARS-CoV ORF14|Y14_CVHSA	binding	P59636
14|ns14|SARS-CoV sars14|ORF14|SARS-CoV ORF14|Y14_CVHSA	binding	Q7TLC7
nsp2|sars1ab|orf1ab|SARS-CoV nsp2ab|SARS-CoV nsp2|SARS-CoV sars1ab|orf1ab-nsp2|orf1ab-nsp2ab|pp1ab|R1AB_CVHSA	binding	P0C6X7
nsp5|sars1ab|orf1ab|SARS-CoV nsp5ab|SARS-CoV nsp5|SARS-CoV sars1ab|orf1ab-nsp5|orf1ab-nsp5ab|pp1ab|R1AB_CVHSA	binding	P0C6X7
ORF5|5|matrix protein|mem|M protein|SARS-CoV M|SARS-CoV Mem|matrix|membrane|VME1_CVHSA	binding	P59595
nsp12|sars1ab|orf1ab|SARS-CoV nsp12ab|SARS-CoV nsp12|SARS-CoV sars1ab|orf1ab-nsp12|orf1ab-nsp12ab|pp1ab|R1AB_CVHSA	binding	P0C6X7
nsp13|sars1ab|orf1ab|SARS-CoV nsp13ab|SARS-CoV nsp13|SARS-CoV sars1ab|orf1ab-nsp13|orf1ab-nsp13ab|pp1ab|R1AB_CVHSA	binding	P0C6X7
nsp8|sars1ab|orf1ab|SARS-CoV nsp8ab|SARS-CoV nsp8|SARS-CoV sars1ab|orf1ab-nsp8|orf1ab-nsp8ab|pp1ab|R1AB_CVHSA	binding	P59636
9b|ns9b|SARS-CoV sars9b|ORF9b|SARS-CoV ORF9b|ORF9B_CVHSA	binding	P0C6X7
nsp14|sars1ab|orf1ab|SARS-CoV nsp14ab|SARS-CoV nsp14|SARS-CoV sars1ab|orf1ab-nsp14|orf1ab-nsp14ab|pp1ab|R1AB_CVHSA	binding	P59636
8a|ns8a|SARS-CoV sars8a|ORF8a|SARS-CoV ORF8a|NS8A_CVHSA	binding	Q80H93
8b|ns8b|SARS-CoV sars8b|ORF8b|SARS-CoV ORF8b|NS8B_CVHSA	binding	Q7TFA0
nsp8|sars1ab|orf1ab|SARS-CoV nsp8ab|SARS-CoV nsp8|SARS-CoV sars1ab|orf1ab-nsp8|orf1ab-nsp8ab|pp1ab|R1AB_CVHSA	binding	P0C6X7
6|ns6|X3|SARS-CoV sars6|ORF6|SARS-CoV ORF6|X3|NS6_CVHSA	binding	Q13287
6|ns6|X3|SARS-CoV sars6|ORF6|SARS-CoV ORF6|X3|NS6_CVHSA	binding	O95295
6|ns6|X3|SARS-CoV sars6|ORF6|SARS-CoV ORF6|X3|NS6_CVHSA	binding	Q5XPI4
6|ns6|X3|SARS-CoV sars6|ORF6|SARS-CoV ORF6|X3|NS6_CVHSA	binding	Q9UMX0
6|ns6|X3|SARS-CoV sars6|ORF6|SARS-CoV ORF6|X3|NS6_CVHSA	binding	P25685
6|ns6|X3|SARS-CoV sars6|ORF6|SARS-CoV ORF6|X3|NS6_CVHSA	binding	P98161
6|ns6|X3|SARS-CoV sars6|ORF6|SARS-CoV ORF6|X3|NS6_CVHSA	binding	Q13009
6|ns6|X3|SARS-CoV sars6|ORF6|SARS-CoV ORF6|X3|NS6_CVHSA	binding	Q5TBA9
ORF9a|9a|nuc|nucleocapsid|ncap|SARS-CoV N|N protein|SARS-CoV Nuc|NCAP_CVHSA	binding	O75569
nsp3|sars1ab|orf1ab|SARS-CoV nsp3ab|SARS-CoV nsp3|SARS-CoV sars1ab|orf1ab-nsp3|orf1ab-nsp3ab|pp1ab|R1AB_CVHSA	binding	P0C6X7
nsp3|sars1ab|orf1ab|SARS-CoV nsp3ab|SARS-CoV nsp3|SARS-CoV sars1ab|orf1ab-nsp3|orf1ab-nsp3ab|pp1ab|R1AB_CVHSA	binding	P0C6X7
nsp3|sars1ab|orf1ab|SARS-CoV nsp3ab|SARS-CoV nsp3|SARS-CoV sars1ab|orf1ab-nsp3|orf1ab-nsp3ab|pp1ab|R1AB_CVHSA	binding	P0C6X7
nsp3|sars1ab|orf1ab|SARS-CoV nsp3ab|SARS-CoV nsp3|SARS-CoV sars1ab|orf1ab-nsp3|orf1ab-nsp3ab|pp1ab|R1AB_CVHSA	binding	P0C6X7
nsp5|sars1ab|orf1ab|SARS-CoV nsp5ab|SARS-CoV nsp5|SARS-CoV sars1ab|orf1ab-nsp5|orf1ab-nsp5ab|pp1ab|R1AB_CVHSA	binding	P0C6X7
nsp7|sars1ab|orf1ab|SARS-CoV nsp7ab|SARS-CoV nsp7|SARS-CoV sars1ab|orf1ab-nsp7|orf1ab-nsp7ab|pp1ab|R1AB_CVHSA	binding	P0C6X7
nsp7|sars1ab|orf1ab|SARS-CoV nsp7ab|SARS-CoV nsp7|SARS-CoV sars1ab|orf1ab-nsp7|orf1ab-nsp7ab|pp1ab|R1AB_CVHSA	binding	P0C6X7
nsp7|sars1ab|orf1ab|SARS-CoV nsp7ab|SARS-CoV nsp7|SARS-CoV sars1ab|orf1ab-nsp7|orf1ab-nsp7ab|pp1ab|R1AB_CVHSA	binding	P0C6X7
nsp8|sars1ab|orf1ab|SARS-CoV nsp8ab|SARS-CoV nsp8|SARS-CoV sars1ab|orf1ab-nsp8|orf1ab-nsp8ab|pp1ab|R1AB_CVHSA	binding	P0C6X7
nsp8|sars1ab|orf1ab|SARS-CoV nsp8ab|SARS-CoV nsp8|SARS-CoV sars1ab|orf1ab-nsp8|orf1ab-nsp8ab|pp1ab|R1AB_CVHSA	binding	P0C6X7
nsp8|sars1ab|orf1ab|SARS-CoV nsp8ab|SARS-CoV nsp8|SARS-CoV sars1ab|orf1ab-nsp8|orf1ab-nsp8ab|pp1ab|R1AB_CVHSA	binding	P0C6X7
nsp8|sars1ab|orf1ab|SARS-CoV nsp8ab|SARS-CoV nsp8|SARS-CoV sars1ab|orf1ab-nsp8|orf1ab-nsp8ab|pp1ab|R1AB_CVHSA	binding	P59633
nsp8|sars1ab|orf1ab|SARS-CoV nsp8ab|SARS-CoV nsp8|SARS-CoV sars1ab|orf1ab-nsp8|orf1ab-nsp8ab|pp1ab|R1AB_CVHSA	binding	P59636
nsp9|sars1ab|orf1ab|SARS-CoV nsp9ab|SARS-CoV nsp9|SARS-CoV sars1ab|orf1ab-nsp9|orf1ab-nsp9ab|pp1ab|R1AB_CVHSA	binding	P0C6X7
nsp9|sars1ab|orf1ab|SARS-CoV nsp9ab|SARS-CoV nsp9|SARS-CoV sars1ab|orf1ab-nsp9|orf1ab-nsp9ab|pp1ab|R1AB_CVHSA	binding	P0C6X7
nsp9|sars1ab|orf1ab|SARS-CoV nsp9ab|SARS-CoV nsp9|SARS-CoV sars1ab|orf1ab-nsp9|orf1ab-nsp9ab|pp1ab|R1AB_CVHSA	binding	Q7TFA1
nsp10|sars1ab|orf1ab|SARS-CoV nsp10ab|SARS-CoV nsp10|SARS-CoV sars1ab|orf1ab-nsp10|orf1ab-nsp10ab|pp1ab|R1AB_CVHSA	binding	P0C6X7
nsp10|sars1ab|orf1ab|SARS-CoV nsp10ab|SARS-CoV nsp10|SARS-CoV sars1ab|orf1ab-nsp10|orf1ab-nsp10ab|pp1ab|R1AB_CVHSA	binding	P0C6X7
nsp12|sars1ab|orf1ab|SARS-CoV nsp12ab|SARS-CoV nsp12|SARS-CoV sars1ab|orf1ab-nsp12|orf1ab-nsp12ab|pp1ab|R1AB_CVHSA	binding	P0C6X7
nsp12|sars1ab|orf1ab|SARS-CoV nsp12ab|SARS-CoV nsp12|SARS-CoV sars1ab|orf1ab-nsp12|orf1ab-nsp12ab|pp1ab|R1AB_CVHSA	binding	P59633
nsp13|sars1ab|orf1ab|SARS-CoV nsp13ab|SARS-CoV nsp13|SARS-CoV sars1ab|orf1ab-nsp13|orf1ab-nsp13ab|pp1ab|R1AB_CVHSA	binding	P59633
nsp14|sars1ab|orf1ab|SARS-CoV nsp14ab|SARS-CoV nsp14|SARS-CoV sars1ab|orf1ab-nsp14|orf1ab-nsp14ab|pp1ab|R1AB_CVHSA	binding	P0C6X7
nsp14|sars1ab|orf1ab|SARS-CoV nsp14ab|SARS-CoV nsp14|SARS-CoV sars1ab|orf1ab-nsp14|orf1ab-nsp14ab|pp1ab|R1AB_CVHSA	binding	P0C6X7
nsp14|sars1ab|orf1ab|SARS-CoV nsp14ab|SARS-CoV nsp14|SARS-CoV sars1ab|orf1ab-nsp14|orf1ab-nsp14ab|pp1ab|R1AB_CVHSA	binding	P59633
nsp15|sars1ab|orf1ab|SARS-CoV nsp15ab|SARS-CoV nsp15|SARS-CoV sars1ab|orf1ab-nsp15|orf1ab-nsp15ab|pp1ab|R1AB_CVHSA	binding	P0C6X7
nsp15|sars1ab|orf1ab|SARS-CoV nsp15ab|SARS-CoV nsp15|SARS-CoV sars1ab|orf1ab-nsp15|orf1ab-nsp15ab|pp1ab|R1AB_CVHSA	binding	P0C6X7
nsp16|sars1ab|orf1ab|SARS-CoV nsp16ab|SARS-CoV nsp16|SARS-CoV sars1ab|orf1ab-nsp16|orf1ab-nsp16ab|pp1ab|R1AB_CVHSA	binding	P0C6X7
nsp16|sars1ab|orf1ab|SARS-CoV nsp16ab|SARS-CoV nsp16|SARS-CoV sars1ab|orf1ab-nsp16|orf1ab-nsp16ab|pp1ab|R1AB_CVHSA	binding	Q7TFA1
nsp16|sars1ab|orf1ab|SARS-CoV nsp16ab|SARS-CoV nsp16|SARS-CoV sars1ab|orf1ab-nsp16|orf1ab-nsp16ab|pp1ab|R1AB_CVHSA	binding	P59595
3a|ns3a|U274X1|SARS-CoV sars3a|ORF3a|SARS-CoV ORF3a|X1|AP3A_CVHSA	binding	Q80H93
ORF4|sM|4|protein E|protein sM|small envelope protein|env|envelope|SARS-CoV E|SARS-CoV Env|VEMP_CVHSA	binding	P59635
ORF5|5|matrix protein|mem|M protein|SARS-CoV M|SARS-CoV Mem|matrix|membrane|VME1_CVHSA	binding	P59635
ORF5|5|matrix protein|mem|M protein|SARS-CoV M|SARS-CoV Mem|matrix|membrane|VME1_CVHSA	binding	Q80H93
8b|ns8b|SARS-CoV sars8b|ORF8b|SARS-CoV ORF8b|NS8B_CVHSA	binding	P0C6X7
8b|ns8b|SARS-CoV sars8b|ORF8b|SARS-CoV ORF8b|NS8B_CVHSA	binding	P59595
ORF9a|9a|nuc|nucleocapsid|ncap|SARS-CoV N|N protein|SARS-CoV Nuc|NCAP_CVHSA	binding	P59595
nsp10|sars1ab|orf1ab|SARS-CoV nsp10ab|SARS-CoV nsp10|SARS-CoV sars1ab|orf1ab-nsp10|orf1ab-nsp10ab|pp1ab|R1AB_CVHSA	binding	P0C6X7
nsp10|sars1ab|orf1ab|SARS-CoV nsp10ab|SARS-CoV nsp10|SARS-CoV sars1ab|orf1ab-nsp10|orf1ab-nsp10ab|pp1ab|R1AB_CVHSA	binding	P0C6X7
3b|ns3b|X2|SARS-CoV sars3b|ORF3b|SARS-CoV ORF3b|X2|NS3B_CVHSA	binding	P0C6X7
3b|ns3b|X2|SARS-CoV sars3b|ORF3b|SARS-CoV ORF3b|X2|NS3B_CVHSA	binding	P0C6X7
ORF9a|9a|nuc|nucleocapsid|ncap|SARS-CoV N|N protein|SARS-CoV Nuc|NCAP_CVHSA	binding	P0C6X7
ORF9a|9a|nuc|nucleocapsid|ncap|SARS-CoV N|N protein|SARS-CoV Nuc|NCAP_CVHSA	binding	Q80H93
ORF9a|9a|nuc|nucleocapsid|ncap|SARS-CoV N|N protein|SARS-CoV Nuc|NCAP_CVHSA	binding	Q14258
nsp3|sars1ab|orf1ab|SARS-CoV nsp3ab|SARS-CoV nsp3|SARS-CoV sars1ab|orf1ab-nsp3|orf1ab-nsp3ab|pp1ab|R1AB_CVHSA	binding	Q14653
7a|ns7a|U122|X4|SARS-CoV sars7a|ORF7a|SARS-CoV ORF7a|U122|X4|NS7A_CVHSA	binding	O43765
7a|ns7a|U122|X4|SARS-CoV sars7a|ORF7a|SARS-CoV ORF7a|U122|X4|NS7A_CVHSA	binding	O43765
7a|ns7a|U122|X4|SARS-CoV sars7a|ORF7a|SARS-CoV ORF7a|U122|X4|NS7A_CVHSA	binding	P59596
7a|ns7a|U122|X4|SARS-CoV sars7a|ORF7a|SARS-CoV ORF7a|U122|X4|NS7A_CVHSA	binding	P59637
nsp10|sars1ab|orf1ab|SARS-CoV nsp10ab|SARS-CoV nsp10|SARS-CoV sars1ab|orf1ab-nsp10|orf1ab-nsp10ab|pp1ab|R1AB_CVHSA	binding	P03901
nsp10|sars1ab|orf1ab|SARS-CoV nsp10ab|SARS-CoV nsp10|SARS-CoV sars1ab|orf1ab-nsp10|orf1ab-nsp10ab|pp1ab|R1AB_CVHSA	binding	P00403
nsp10|sars1ab|orf1ab|SARS-CoV nsp10ab|SARS-CoV nsp10|SARS-CoV sars1ab|orf1ab-nsp10|orf1ab-nsp10ab|pp1ab|R1AB_CVHSA	binding	P20290
nsp10|sars1ab|orf1ab|SARS-CoV nsp10ab|SARS-CoV nsp10|SARS-CoV sars1ab|orf1ab-nsp10|orf1ab-nsp10ab|pp1ab|R1AB_CVHSA	binding	Q9Y2D1
nsp10|sars1ab|orf1ab|SARS-CoV nsp10ab|SARS-CoV nsp10|SARS-CoV sars1ab|orf1ab-nsp10|orf1ab-nsp10ab|pp1ab|R1AB_CVHSA	binding	Q86VG3
nsp10|sars1ab|orf1ab|SARS-CoV nsp10ab|SARS-CoV nsp10|SARS-CoV sars1ab|orf1ab-nsp10|orf1ab-nsp10ab|pp1ab|R1AB_CVHSA	binding	P00403
nsp10|sars1ab|orf1ab|SARS-CoV nsp10ab|SARS-CoV nsp10|SARS-CoV sars1ab|orf1ab-nsp10|orf1ab-nsp10ab|pp1ab|R1AB_CVHSA	binding	P0C6X7
ORF9a|9a|nuc|nucleocapsid|ncap|SARS-CoV N|N protein|SARS-CoV Nuc|NCAP_CVHSA	binding	P59595
nsp16|sars1ab|orf1ab|SARS-CoV nsp16ab|SARS-CoV nsp16|SARS-CoV sars1ab|orf1ab-nsp16|orf1ab-nsp16ab|pp1ab|R1AB_CVHSA	binding	P0C6X7
nsp14|sars1ab|orf1ab|SARS-CoV nsp14ab|SARS-CoV nsp14|SARS-CoV sars1ab|orf1ab-nsp14|orf1ab-nsp14ab|pp1ab|R1AB_CVHSA	binding	P0C6X7
nsp10|sars1ab|orf1ab|SARS-CoV nsp10ab|SARS-CoV nsp10|SARS-CoV sars1ab|orf1ab-nsp10|orf1ab-nsp10ab|pp1ab|R1AB_CVHSA	binding	P0C6X7
nsp10|sars1ab|orf1ab|SARS-CoV nsp10ab|SARS-CoV nsp10|SARS-CoV sars1ab|orf1ab-nsp10|orf1ab-nsp10ab|pp1ab|R1AB_CVHSA	binding	P0C6X7
nsp3|sars1ab|orf1ab|SARS-CoV nsp3ab|SARS-CoV nsp3|SARS-CoV sars1ab|orf1ab-nsp3|orf1ab-nsp3ab|pp1ab|R1AB_CVHSA	binding	P0C6X7
nsp3|sars1ab|orf1ab|SARS-CoV nsp3ab|SARS-CoV nsp3|SARS-CoV sars1ab|orf1ab-nsp3|orf1ab-nsp3ab|pp1ab|R1AB_CVHSA	binding	P0C6X7
nsp3|sars1ab|orf1ab|SARS-CoV nsp3ab|SARS-CoV nsp3|SARS-CoV sars1ab|orf1ab-nsp3|orf1ab-nsp3ab|pp1ab|R1AB_CVHSA	binding	P0C6X7
nsp3|sars1ab|orf1ab|SARS-CoV nsp3ab|SARS-CoV nsp3|SARS-CoV sars1ab|orf1ab-nsp3|orf1ab-nsp3ab|pp1ab|R1AB_CVHSA	binding	P0C6X7
nsp7|sars1ab|orf1ab|SARS-CoV nsp7ab|SARS-CoV nsp7|SARS-CoV sars1ab|orf1ab-nsp7|orf1ab-nsp7ab|pp1ab|R1AB_CVHSA	binding	P0C6X7
nsp7|sars1ab|orf1ab|SARS-CoV nsp7ab|SARS-CoV nsp7|SARS-CoV sars1ab|orf1ab-nsp7|orf1ab-nsp7ab|pp1ab|R1AB_CVHSA	binding	P0C6X7
nsp8|sars1ab|orf1ab|SARS-CoV nsp8ab|SARS-CoV nsp8|SARS-CoV sars1ab|orf1ab-nsp8|orf1ab-nsp8ab|pp1ab|R1AB_CVHSA	binding	P0C6X7
nsp9|sars1ab|orf1ab|SARS-CoV nsp9ab|SARS-CoV nsp9|SARS-CoV sars1ab|orf1ab-nsp9|orf1ab-nsp9ab|pp1ab|R1AB_CVHSA	binding	P0C6X7
nsp9|sars1ab|orf1ab|SARS-CoV nsp9ab|SARS-CoV nsp9|SARS-CoV sars1ab|orf1ab-nsp9|orf1ab-nsp9ab|pp1ab|R1AB_CVHSA	binding	P0C6X7
nsp10|sars1ab|orf1ab|SARS-CoV nsp10ab|SARS-CoV nsp10|SARS-CoV sars1ab|orf1ab-nsp10|orf1ab-nsp10ab|pp1ab|R1AB_CVHSA	binding	P0C6X7
nsp16|sars1ab|orf1ab|SARS-CoV nsp16ab|SARS-CoV nsp16|SARS-CoV sars1ab|orf1ab-nsp16|orf1ab-nsp16ab|pp1ab|R1AB_CVHSA	binding	P0C6X7
ORF4|sM|4|protein E|protein sM|small envelope protein|env|envelope|SARS-CoV E|SARS-CoV Env|VEMP_CVHSA	binding	Q8N3R9
nsp1|sars1ab|orf1ab|SARS-CoV nsp1ab|SARS-CoV nsp1|SARS-CoV sars1ab|orf1ab-nsp1|orf1ab-nsp1ab|pp1ab|R1AB_CVHSA	binding	Q9BTC0
nsp1|sars1ab|orf1ab|SARS-CoV nsp1ab|SARS-CoV nsp1|SARS-CoV sars1ab|orf1ab-nsp1|orf1ab-nsp1ab|pp1ab|R1AB_CVHSA	binding	Q93009
nsp1|sars1ab|orf1ab|SARS-CoV nsp1ab|SARS-CoV nsp1|SARS-CoV sars1ab|orf1ab-nsp1|orf1ab-nsp1ab|pp1ab|R1AB_CVHSA	binding	Q14008
nsp1|sars1ab|orf1ab|SARS-CoV nsp1ab|SARS-CoV nsp1|SARS-CoV sars1ab|orf1ab-nsp1|orf1ab-nsp1ab|pp1ab|R1AB_CVHSA	binding	P35250
nsp1|sars1ab|orf1ab|SARS-CoV nsp1ab|SARS-CoV nsp1|SARS-CoV sars1ab|orf1ab-nsp1|orf1ab-nsp1ab|pp1ab|R1AB_CVHSA	binding	O75131
nsp1|sars1ab|orf1ab|SARS-CoV nsp1ab|SARS-CoV nsp1|SARS-CoV sars1ab|orf1ab-nsp1|orf1ab-nsp1ab|pp1ab|R1AB_CVHSA	binding	Q6IEG0
nsp1|sars1ab|orf1ab|SARS-CoV nsp1ab|SARS-CoV nsp1|SARS-CoV sars1ab|orf1ab-nsp1|orf1ab-nsp1ab|pp1ab|R1AB_CVHSA	binding	P78345
nsp2|sars1ab|orf1ab|SARS-CoV nsp2ab|SARS-CoV nsp2|SARS-CoV sars1ab|orf1ab-nsp2|orf1ab-nsp2ab|pp1ab|R1AB_CVHSA	binding	Q6Y7W6
nsp2|sars1ab|orf1ab|SARS-CoV nsp2ab|SARS-CoV nsp2|SARS-CoV sars1ab|orf1ab-nsp2|orf1ab-nsp2ab|pp1ab|R1AB_CVHSA	binding	P35232
nsp2|sars1ab|orf1ab|SARS-CoV nsp2ab|SARS-CoV nsp2|SARS-CoV sars1ab|orf1ab-nsp2|orf1ab-nsp2ab|pp1ab|R1AB_CVHSA	binding	O60573
nsp2|sars1ab|orf1ab|SARS-CoV nsp2ab|SARS-CoV nsp2|SARS-CoV sars1ab|orf1ab-nsp2|orf1ab-nsp2ab|pp1ab|R1AB_CVHSA	binding	P21796
nsp2|sars1ab|orf1ab|SARS-CoV nsp2ab|SARS-CoV nsp2|SARS-CoV sars1ab|orf1ab-nsp2|orf1ab-nsp2ab|pp1ab|R1AB_CVHSA	binding	Q9UJZ1
nsp2|sars1ab|orf1ab|SARS-CoV nsp2ab|SARS-CoV nsp2|SARS-CoV sars1ab|orf1ab-nsp2|orf1ab-nsp2ab|pp1ab|R1AB_CVHSA	binding	Q99623
nsp2|sars1ab|orf1ab|SARS-CoV nsp2ab|SARS-CoV nsp2|SARS-CoV sars1ab|orf1ab-nsp2|orf1ab-nsp2ab|pp1ab|R1AB_CVHSA	binding	Q7L2H7
nsp2|sars1ab|orf1ab|SARS-CoV nsp2ab|SARS-CoV nsp2|SARS-CoV sars1ab|orf1ab-nsp2|orf1ab-nsp2ab|pp1ab|R1AB_CVHSA	binding	Q15154
nsp2|sars1ab|orf1ab|SARS-CoV nsp2ab|SARS-CoV nsp2|SARS-CoV sars1ab|orf1ab-nsp2|orf1ab-nsp2ab|pp1ab|R1AB_CVHSA	binding	Q15758
nsp2|sars1ab|orf1ab|SARS-CoV nsp2ab|SARS-CoV nsp2|SARS-CoV sars1ab|orf1ab-nsp2|orf1ab-nsp2ab|pp1ab|R1AB_CVHSA	binding	Q96T58
nsp2|sars1ab|orf1ab|SARS-CoV nsp2ab|SARS-CoV nsp2|SARS-CoV sars1ab|orf1ab-nsp2|orf1ab-nsp2ab|pp1ab|R1AB_CVHSA	binding	Q9UMN6
nsp2|sars1ab|orf1ab|SARS-CoV nsp2ab|SARS-CoV nsp2|SARS-CoV sars1ab|orf1ab-nsp2|orf1ab-nsp2ab|pp1ab|R1AB_CVHSA	binding	P35232
nsp2|sars1ab|orf1ab|SARS-CoV nsp2ab|SARS-CoV nsp2|SARS-CoV sars1ab|orf1ab-nsp2|orf1ab-nsp2ab|pp1ab|R1AB_CVHSA	binding	Q99623
nsp14|sars1ab|orf1ab|SARS-CoV nsp14ab|SARS-CoV nsp14|SARS-CoV sars1ab|orf1ab-nsp14|orf1ab-nsp14ab|pp1ab|R1AB_CVHSA	binding	Q92499
ORF9a|9a|nuc|nucleocapsid|ncap|SARS-CoV N|N protein|SARS-CoV Nuc|NCAP_CVHSA	binding	P84022
ORF9a|9a|nuc|nucleocapsid|ncap|SARS-CoV N|N protein|SARS-CoV Nuc|NCAP_CVHSA	binding	P62937
nsp3|sars1ab|orf1ab|SARS-CoV nsp3ab|SARS-CoV nsp3|SARS-CoV sars1ab|orf1ab-nsp3|orf1ab-nsp3ab|pp1ab|R1AB_CVHSA	binding	Q14653
nsp3|sars1ab|orf1ab|SARS-CoV nsp3ab|SARS-CoV nsp3|SARS-CoV sars1ab|orf1ab-nsp3|orf1ab-nsp3ab|pp1ab|R1AB_CVHSA	binding	Q14164
nsp3|sars1ab|orf1ab|SARS-CoV nsp3ab|SARS-CoV nsp3|SARS-CoV sars1ab|orf1ab-nsp3|orf1ab-nsp3ab|pp1ab|R1AB_CVHSA	binding	Q9UHD2
nsp3|sars1ab|orf1ab|SARS-CoV nsp3ab|SARS-CoV nsp3|SARS-CoV sars1ab|orf1ab-nsp3|orf1ab-nsp3ab|pp1ab|R1AB_CVHSA	binding	Q13114
nsp3|sars1ab|orf1ab|SARS-CoV nsp3ab|SARS-CoV nsp3|SARS-CoV sars1ab|orf1ab-nsp3|orf1ab-nsp3ab|pp1ab|R1AB_CVHSA	binding	Q86WV6
ORF5|5|matrix protein|mem|M protein|SARS-CoV M|SARS-CoV Mem|matrix|membrane|VME1_CVHSA	binding	O95786
ORF5|5|matrix protein|mem|M protein|SARS-CoV M|SARS-CoV Mem|matrix|membrane|VME1_CVHSA	binding	Q13114
ORF5|5|matrix protein|mem|M protein|SARS-CoV M|SARS-CoV Mem|matrix|membrane|VME1_CVHSA	binding	Q9UHD2
ORF5|5|matrix protein|mem|M protein|SARS-CoV M|SARS-CoV Mem|matrix|membrane|VME1_CVHSA	binding	Q14164
spike|MERS-CoV S|MERS-CoV spike|S protein|surface|SPIKE_CVEMC	binding	P06731
ORF9a|9a|nuc|nucleocapsid|ncap|SARS-CoV N|N protein|SARS-CoV Nuc|NCAP_CVHSA	binding	P49840
ORF9a|9a|nuc|nucleocapsid|ncap|SARS-CoV N|N protein|SARS-CoV Nuc|NCAP_CVHSA	binding	P49841
ORF2|2|spike glycoprotein|E2|surface|S protein|SARS-CoV S|SARS-CoV Spike|peplomer|SPIKE_CVHSA	binding	P27824
